class,r2,mae,excellent,total
limited_budgets,0.9705091775471553,1.63340242213537,9,10
traditional_homeowners,0.9507307526457637,3.1785270366528406,5,10
urban_diversity,0.9584233498715481,1.594023512233138,9,10
